Id_cliente,Edad,Genero,Venta_total,N_Compras,FechaCompra,MontoCompra,MetodoPago,Tiempo,Navegador,Boletín,Vale
101,66,1,850.42,7,2025/06/20,$1529.52,1,41.5,2,1,1
102,25,1,277.23,1,01/22/2025,"932,61",0,11.6,4,0,0
103,37,1,1715.42,7,12/14/2025,583.87,5,30.3,1,1,1
104,41,1,2024.82,6,05/26/2025,1190.92,1,43.4,3,1,No
105,65,1,-678.31,5,12-01-2025,$1353.01,1,11.8,3,0,1
106,12,1,2302.36,8,05/04/2025,"""558.08""",0,32.0,1,0,
107,62,0,11.51,9,03/09/2025,$1406.91,1,9.4,3,1,1
108,66,1,1684.21,7,2025/08/07,1064.25,2,9.0,0,0,0
109,56,1,492.32,7,11/04/2025,511.81,1,28.3,99,0,0
110,56,0,-1974.72,9,12/20/2025,2394.76,-1,5.8,4,0,0
111,66,0,"717,27",1,2025-04-09,760.24,2,38.0,1,0,0
112,54,0,$1751.49,6,09/19/2025,2144.64,2,8.8,0,1,0
113,12,0,1871.79,8,2025-12-18,366.74,1,38.2,1,No,1
114,69,1,1401.83,7,2025/10/20,1344.34,1,30.1,10,0,0
115,49,1,635.13,4,01/09/2025,1358.13,5,8.2,0,1,1
116,50,0,-327.75,7,2025-11-28,1017.51,1,36.3,4,0,0
117,58,0,$1900.70,1,03/17/2025,-919.85,2,9.2,-1,1,0
118,12,1,2407.97,9,2025/06/23,-321.92,1,29.6,4,0,1
119,58,1,1632.00,0,2025/03/20,1335.65,2,29.9,2,1,1
120,58,1,"1,397,86",5,06/16/2025,1723.32,0,43.5,3,0,0
121,44,10,1177.17,3,20-07-2025,707.58,0,8.0,1,0,1
122,69,0,932.26,1,13-08-2025,2486.67,0,16.4,4,1,1
123,56,1,1536.50,2,09/17/2025,"444,76",0,17.8,5,1,0
124,38,1,1439.53,9,2025/02/04,1148.88,1,31.0,0,1,0
125,28,1,37.19,8,2025-09-14,2279.88,2,26.3,10,0,0
126,44,0,642.12,6,11/12/2025,735.07,0,26.8,3,1,1
127,40,0,1751.67,10,2025/10/12,1366.70,0,19.4,3,0,Masculino
128,41,0,2388.86,0,12/21/2025,"""883.26""",1,14.8,1,0,0
129,40,0,705.03,5,2025-03-14,2100.12,2,9.4,3,0,0
130,64,99,1478.13,7,2025/02/09,762.99,2,24.1,4,0,0
131,46,1,499.96,0,06-02-2025,"""2339.35""",0,23.6,3,0,1
132,67,0,2063.56,6,11/11/2025,1867.18,0,22.9,0,1,0
133,64,0,72.64,1,02/10/2025,2024.46,1,7.8,4,1,1
134,18,0,1019.95,2,10/22/2025,710.74,2,7.1,3,1,0
135,,1,  1410.82  ,3,11/27/2025,-1889.18,2,20.3,2,Si,1
136,38,0,1176.65,7,09/13/2025,1898.22,2,11.9,3,1,1
137,58,Femenino,1477.17,0,2025/05/21,1535.56,2,16.4,3,0,1
138,44,0,-159.53,1,2025-09-04,  1090.05  ,2,27.2,1,0,1
139,40,99,2219.53,9,08/02/2025,228.04,2,44.4,1,1,3
140,22,,535.77,0,2025-10-18,278.60,0,15.5,2,1,0
141,31,1,531.96,0,2025/05/02,1086.22,0,27.9,2,0,1
142,36,1,1384.49,1,11-09-2025,1827.81,1,40.4,2,99,0
143,60,1,$1939.01,0,11/13/2025,621.60,2,27.0,1,0,1
144,63,1,-2008.23,7,2025/08/12,843.18,0,38.5,0,0,0
145,39,0,1585.56,2,2025-06-21,2163.34,2,29.9,3,1,1
146,39,0,"773,85",8,02-04-2025,"1,244,81",1,16.7,3,1,1
147,33,1,$739.82,0,2025-10-04,1784.83,1,6.1,3,1,1
148,39,1,1782.50,0,12-09-2025,"1,802,18",2,3.5,2,0,0
149,51,0,1217.48,8,2025/07/16,90.64,0,43.6,4,1,N/A
150,53,0,1411.06,3,08-12-2025,2301.95,0,10.2,4,,10
151,37,0,2363.64,3,21-05-2025,"1,734,50",0,16.0,4,0,0
152,68,1,-2483.36,5,11/11/2025,2479.18,2,37.7,2,1,Femenino
153,59,1,-59.49,9,2025/06/09,$1204.97,3,19.2,0,1,1
154,41,0,2109.47,0,07/08/2025,1734.62,0,20.7,4,1,0
155,58,0,184.80,4,2025/05/11,417.75,5,35.3,1,1,1
156,19,0,2386.81,7,07-04-2025,"""964.57""",2,13.8,1,1,0
157,44,1,650.93,9,2025-05-17,"""327.48""",1,40.1,0,0,0
158,39,0,  1610.23  ,1,01/19/2025,"""889.68""",0,39.4,4,1,1
159,46,0,472.12,3,2025-05-12,2379.66,0,4.1,4,1,1
160,58,0,139.42,5,18-04-2025,1054.31,2,4.5,0,1,1
161,69,1,394.46,5,13-02-2025,1659.54,2,28.2,0,0,1
162,69,0,1196.19,2,02/17/2025,2314.82,0,18.0,4,,1
163,56,1,103.77,1,2025/07/23,1183.84,5,27.2,4,1,1
164,52,0,839.65,1,09/07/2025,331.51,2,19.6,3,0,0
165,26,1,  2123.04  ,7,2025/09/22,"""1399.01""",0,34.2,4,0,0
166,26,0,-1016.89,5,2025/02/06,"1,065,70",2,43.1,4,1,Si
167,18,0,966.88,5,2025/12/17,2420.42,2,8.7,1,0,1
168,24,1,1599.19,10,2025/03/05,2172.62,0,30.6,2,1,1
169,66,1,$1020.85,4,2025/11/11,-844.78,2,15.1,1,0,1
170,50,0,645.51,5,2025/01/01,339.94,0,2.1,,0,1
171,35,0,376.07,3,2025/08/01,85.85,2,7.4,4,1,0
172,60,1,1961.06,8,2025-01-24,2340.71,2,41.5,4,1,0
173,59,1,1471.84,7,2025/09/14,$1317.73,0,9.0,5,1,No
174,35,0,2090.54,4,08/02/2025,275.80,1,20.7,4,1,1
175,40,0,"929,76",1,20-05-2025,1446.53,2,7.5,10,N/A,0
176,69,0,1563.32,1,2025/07/20,-226.62,2,40.0,0,0,1
177,20,1,874.29,3,2025-02-24,  796.95  ,2,41.9,4,0,1
178,40,0,-1471.45,0,2025/11/02,790.95,2,15.9,4,1,1
179,43,1,1970.76,4,2025-05-18,-2038.14,5,38.1,2,1,1
180,51,1,890.98,1,09/04/2025,790.12,0,11.1,1,1,1
181,48,3,-1555.78,9,2025-04-23,105.40,2,8.7,4,0,Si
182,35,0,-2403.36,5,2025-05-22,729.43,2,8.1,0,0,0
183,31,0,"2,184,98",3,16-07-2025,954.92,1,41.5,,0,1
184,45,1,1289.23,7,09/05/2025,  2076.23  ,2,5.1,1,1,10
185,29,-1,381.83,2,01/08/2025,1077.88,1,9.9,0,1,1
186,23,0,"858,82",5,2025-06-11,409.99,2,25.2,1,0,0
187,51,1,478.43,8,2025/10/10,2213.16,0,29.8,1,1,1
188,64,1,2295.29,8,2025/11/09,-1889.89,2,22.8,0,0,0
189,0,0,1805.18,8,2025/11/04,"""1169.38""",10,26.9,2,1,1
190,36,1,  1834.38  ,7,2025-03-27,$2466.64,2,23.3,4,1,0
191,68,1,1206.76,1,04/12/2025,250.29,,5.9,0,0,1
192,65,0,224.28,2,15-05-2025,863.27,2,4.5,-1,N/A,1
193,54,1,2413.05,5,2025/03/11,  1156.41  ,2,18.4,4,0,0
194,51,0,  1617.12  ,5,2025/06/10,234.68,1,28.5,3,0,1
195,44,0,1991.57,0,2025-08-24,338.31,2,13.0,3,0,0
196,29,1,1459.61,0,2025/05/23,  1592.57  ,2,27.4,4,1,1
197,20,0,272.37,5,06-04-2025,1897.00,99,16.3,3,0,0
198,29,1,126.37,4,2025/07/11,448.56,0,4.1,4,0,1
199,19,0,1536.42,5,10/11/2025,805.09,0,28.9,3,0,1
200,66,0,1474.76,0,2025/09/10,"""533.69""",0,1.7,0,0,0
201,28,1,1317.49,3,2025/11/08,2166.83,1,22.3,0,0,Masculino
202,24,1,"""103.70""",1,2025-06-16,35.79,2,6.6,4,0,0
203,38,1,1777.33,8,24-10-2025,2354.02,0,35.1,99,0,1
204,30,0,1750.21,5,22-12-2025,325.64,2,30.7,2,0,0
205,68,0,2304.86,9,12-06-2025,"2,065,78",0,4.0,4,1,1
206,60,1,1356.47,7,2025-02-20,"""1389.62""",0,29.0,4,1,1
207,38,0,1614.21,7,2025/05/12,1780.23,1,38.8,5,Masculino,1
208,58,0,1376.90,0,07-10-2025,"2,011,76",0,24.5,0,1,1
209,46,1,2445.84,8,2025-03-21,2231.91,2,17.5,0,1,1
210,23,1,-1190.01,8,2025/04/24,1368.47,2,33.3,1,0,Masculino
211,32,1,545.99,4,2025-10-11,1071.20,1,5.6,0,1,1
212,28,0,"""796.46""",9,11/10/2025,616.20,5,17.0,10,1,-1
213,50,1,2143.29,5,2025-04-02,-1811.40,2,7.7,3,1,0
214,24,1,436.68,3,28-03-2025,"""357.26""",0,8.7,3,0,0
215,18,,258.01,6,2025/12/07,"1,330,04",0,21.3,4,1,1
216,32,1,248.55,5,2025-08-01,430.58,0,4.2,4,1,0
217,44,1,"""648.76""",0,2025/02/01,  685.84  ,1,16.2,1,0,Femenino
218,27,1,-2376.23,4,2025/01/23,"393,49",5,38.1,3,0,0
219,46,1,516.76,6,12-08-2025,-1869.76,2,21.3,1,1,1
220,49,1,$1961.79,9,16-11-2025,693.14,2,7.2,2,0,0
221,28,Si,"1,213,10",6,2025-01-11,1349.23,1,0.7,3,0,1
222,39,0,2353.93,0,2025-02-17,841.46,1,31.7,1,1,1
223,23,0,  2044.99  ,2,14-04-2025,1102.87,3,1.3,1,0,0
224,69,0,"2,105,69",7,2025-04-18,  596.32  ,0,32.8,3,0,0
225,43,0,742.16,3,08-04-2025,"""2273.56""",1,2.9,3,1,0
226,28,Si,563.48,1,2025-05-05,1252.74,0,43.7,0,1,0
227,150,0,-168.43,7,28-11-2025,689.80,2,33.2,3,0,1
228,27,0,-567.23,5,2025/06/12,  1675.92  ,2,4.3,1,0,1
229,23,1,2041.89,0,2025/10/31,1508.55,1,31.5,2,1,1
230,46,0,257.87,10,21-11-2025,  1569.43  ,2,25.6,2,0,No
231,37,1,99.97,7,2025-05-06,1630.08,1,29.7,3,0,1
232,26,0,$1120.72,3,12/21/2025,  1628.76  ,99,20.8,4,0,1
233,37,0,1285.94,1,09-02-2025,  227.03  ,0,40.7,,1,0
234,31,0,"423,64",4,2025-08-14,1243.36,1,27.4,1,0,1
235,33,0,2271.60,7,2025/08/19,1123.57,0,20.6,5,0,
236,33,1,1280.91,7,15-03-2025,1881.83,1,37.6,1,3,0
237,59,1,"""1605.24""",10,21-01-2025,375.24,1,10.2,1,1,3
238,20,0,211.05,4,09/19/2025,476.97,1,40.5,1,1,0
239,53,0,2195.08,2,2025-02-20,"1,770,65",2,43.5,3,1,0
240,54,0,  155.56  ,0,2025-02-24,1496.94,5,20.3,0,1,0
241,37,0,-1104.19,3,03/16/2025,-112.84,2,1.3,0,1,1
242,70,1,1423.46,8,2025-04-18,"103,79",0,40.5,2,0,1
243,22,1,"2,359,04",1,2025/03/19,500.37,1,16.9,0,0,-1
244,69,0,1958.05,9,2025/04/03,1405.82,1,16.2,2,1,1
245,65,0,2344.08,3,2025/05/03,1049.37,0,10.4,3,1,0
246,34,1,1403.03,4,05/06/2025,401.50,2,36.8,1,0,0
247,58,0,"8,83",4,21-04-2025,  1106.22  ,-1,37.9,2,0,0
248,59,0,-1066.48,7,2025/02/13,2431.88,1,37.2,-1,0,0
249,44,1,  109.17  ,4,2025-02-14,  417.70  ,0,6.7,1,1,0
250,40,1,1532.69,10,2025-10-17,-1514.19,2,19.5,2,1,0
251,63,0,526.71,9,2025/12/25,57.12,0,0.8,4,0,0
252,31,1,187.21,10,11/15/2025,1384.40,2,5.6,3,10,1
253,30,0,2143.43,4,05-04-2025,1572.66,2,32.3,10,1,1
254,64,0,2111.23,5,20-09-2025,-1100.82,0,12.2,4,1,1
255,22,1,1109.83,8,02/13/2025,821.10,0,15.6,3,1,1
256,69,1,-1176.10,0,07/10/2025,620.93,0,5.4,3,,0
257,33,1,2360.73,0,2025-09-08,"""1826.13""",0,39.0,0,0,No
258,69,1,$341.17,0,2025-05-28,958.49,1,10.6,2,N/A,
259,53,1,1318.83,0,2025-09-21,$1461.45,1,34.6,0,0,0
260,33,0,  125.28  ,0,2025/06/19,"1,058,96",0,22.2,0,3,1
261,50,1,  1804.36  ,3,02/17/2025,$1796.03,2,32.5,3,0,
262,28,1,2484.61,6,2025-07-24,419.43,1,12.0,10,0,0
263,26,,2192.81,8,2025-01-01,1601.61,2,39.6,1,0,0
264,53,1,1776.10,6,2025-03-09,463.96,0,20.6,0,0,1
265,200,1,752.94,4,06-10-2025,1036.45,1,26.1,2,1,0
266,54,1,"""608.77""",4,24-06-2025,"1,454,00",1,17.5,3,1,1
267,53,10,1678.77,7,2025/03/09,1414.60,2,24.9,1,0,0
268,67,1,54.46,5,2025-04-25,"2,037,69",2,13.1,2,1,0
269,63,0,$142.29,1,07-10-2025,1869.99,1,17.8,2,1,1
270,32,0,-1352.10,4,2025-08-01,1133.07,2,42.2,0,1,-1
271,65,1,"2,441,32",6,09/20/2025,1262.33,1,6.3,1,0,0
272,21,1,-95.93,8,03/28/2025,"""1366.08""",1,43.2,1,0,1
273,35,1,1275.22,4,03-02-2025,643.74,1,31.1,3,1,0
274,33,0,"""1272.37""",5,02/23/2025,1569.08,1,14.1,0,1,0
275,45,0,2116.20,0,10-03-2025,1535.31,-1,22.4,5,10,1
276,38,1,"1,045,26",7,13-05-2025,1730.13,2,36.6,1,0,1
277,36,1,"""548.35""",6,03/04/2025,368.20,2,29.8,0,1,1
278,27,0,879.79,6,17-12-2025,926.90,-1,1.1,4,1,1
279,23,0,$1078.78,5,2025/04/22,645.84,0,37.7,4,0,1
280,23,Masculino,"579,60",8,04-05-2025,-40.74,1,32.4,1,1,0
281,32,0,1354.41,9,11/25/2025,"""2105.44""",1,6.4,2,0,0
282,61,0,  1259.60  ,9,06/01/2025,2035.29,3,20.0,2,1,0
283,25,1,1923.71,7,2025/10/23,1422.28,0,16.5,4,0,0
284,41,0,"1,671,42",7,12/09/2025,"""1603.91""",0,20.3,2,1,1
285,32,1,1406.41,5,2025-08-13,35.51,1,42.3,3,0,Sí
286,22,0,2283.71,5,11-06-2025,$632.46,2,38.7,4,0,0
287,29,0,2189.13,0,2025/01/26,"845,45",1,3.8,3,0,1
288,39,0,-378.52,0,03/12/2025,1498.82,2,27.3,2,0,1
289,57,0,2394.55,6,04/01/2025,2245.04,0,41.5,2,1,1
290,45,1,  807.14  ,5,2025-04-27,1545.49,2,39.7,0,0,0
291,67,0,276.28,4,2025-04-08,  26.82  ,0,17.5,2,1,0
292,29,0,1426.25,7,2025-05-12,108.37,0,36.6,0,0,0
293,33,0,-1999.71,1,09/14/2025,665.57,1,29.0,2,0,
294,24,Sí,$330.27,6,02/16/2025,$1443.17,3,23.0,2,1,0
295,52,0,946.23,2,07/24/2025,"1,569,15",2,20.9,1,1,0
296,50,1,525.10,10,11/23/2025,-2233.16,0,10.8,3,1,0
297,37,0,839.68,6,2025-06-16,1933.76,99,8.8,4,1,1
298,51,0,1677.81,8,08/04/2025,396.61,1,7.4,4,1,1
299,29,1,286.48,0,18-06-2025,1987.75,1,23.0,4,0,1
300,63,1,1495.42,8,09-12-2025,"""1114.99""",1,10.0,0,1,1
301,22,1,1224.51,3,2025/07/11,2387.01,1,18.3,4,5,0
302,70,1,2207.83,8,2025-11-17,1320.50,2,22.6,3,0,0
303,20,0,1767.14,6,2025/05/13,1176.00,0,14.7,1,1,0
304,38,0,929.14,1,2025/09/02,"""989.35""",0,26.0,3,1,0
305,34,0,2399.96,7,2025-02-03,1887.97,2,24.7,4,1,0
306,49,1,500.81,4,09/17/2025,1256.36,2,10.1,3,10,5
307,40,0,1822.36,5,2025-09-15,$40.27,2,24.6,0,0,0
308,28,0,204.89,5,2025/09/25,1353.70,2,22.9,3,0,0
309,28,3,1770.90,7,2025-11-21,609.60,2,44.7,2,0,1
310,54,0,1982.02,1,2025-09-08,1978.19,1,27.3,2,1,Femenino
311,150,0,1878.46,1,07-10-2025,2366.22,1,19.7,2,N/A,0
312,52,0,1632.87,2,07/07/2025,"""1372.71""",2,8.0,0,0,1
313,49,1,1733.45,10,2025-07-06,740.54,1,15.3,2,0,0
314,45,0,2113.79,5,10-12-2025,-2069.17,2,8.9,1,1,1
315,43,1,1383.87,10,10-06-2025,2262.95,1,7.3,1,0,1
316,30,1,404.91,5,12/14/2025,309.04,1,9.5,4,,N/A
317,58,0,$341.46,1,2025/09/17,2045.99,1,15.5,3,0,0
318,35,1,2025.92,8,13-12-2025,276.37,2,38.5,4,0,1
319,70,0,2150.74,3,2025/05/24,1437.78,0,3.7,4,1,0
320,54,0,1466.53,2,2025/12/11,600.54,2,12.9,4,1,99
321,39,1,1968.67,4,02/23/2025,"""114.06""",1,3.9,0,0,1
322,50,1,1365.00,2,15-10-2025,929.30,2,19.7,4,1,1
323,62,0,113.31,5,12/13/2025,  2337.57  ,2,20.8,3,1,0
324,18,Femenino,"""1633.36""",9,2025/12/14,  2216.56  ,0,22.7,3,0,1
325,34,1,$1681.37,4,2025-07-27,"""1827.40""",2,13.7,3,1,0
326,29,1,  776.32  ,4,2025/08/02,1086.32,0,36.8,2,1,0
327,24,1,2103.31,4,04-08-2025,229.00,99,14.3,1,0,0
328,47,0,534.16,8,03/27/2025,845.20,1,3.8,0,3,0
329,58,0,962.78,5,2025-07-25,"""973.54""",0,13.1,3,0,1
330,-5,0,1908.43,5,2025/10/28,2315.08,0,39.4,2,0,1
331,55,0,$1458.95,0,2025-10-08,938.66,5,9.3,3,0,0
332,22,1,1649.43,6,2025/12/01,  1688.07  ,1,13.1,4,1,1
333,70,1,1078.67,8,07/07/2025,1557.71,1,35.5,1,0,0
334,42,10,-125.83,4,09/27/2025,1231.08,2,15.1,2,0,1
335,20,0,1880.21,1,16-01-2025,-238.62,1,33.6,2,0,0
336,52,0,953.83,1,2025-07-13,1315.86,0,28.0,1,0,5
337,39,1,652.59,0,2025/10/01,356.35,0,31.8,4,1,0
338,59,1,212.14,5,2025/11/19,2196.48,0,20.9,3,0,0
339,66,1,"""1533.90""",2,12-09-2025,186.57,1,35.6,2,1,1
340,59,1,1107.83,5,2025/01/03,1766.16,1,35.1,4,,1
341,70,1,2497.72,1,2025/11/25,795.45,0,5.1,3,1,0
342,12,0,-295.19,9,01/20/2025,2015.02,2,14.3,2,0,0
343,48,0,2203.21,10,28-10-2025,-17.03,2,4.8,2,0,0
344,44,1,2006.69,6,07/05/2025,1052.64,2,35.8,3,1,1
345,27,1,1854.96,5,24-04-2025,1694.95,0,34.5,3,0,1
346,18,Masculino,"""366.31""",9,2025/01/06,"""2357.76""",0,42.7,4,0,1
347,35,1,-624.75,6,28-01-2025,24.27,0,8.1,1,1,1
348,56,1,1863.11,3,14-01-2025,1784.04,2,44.6,4,1,1
349,50,1,  1522.54  ,5,2025/04/06,-422.21,0,22.4,0,0,0
350,36,0,832.97,9,2025-08-04,1785.64,1,30.0,1,1,1
351,33,1,2063.59,4,2025/04/28,1299.64,0,29.2,0,0,0
352,23,10,2271.88,9,08-01-2025,-2296.01,1,38.7,2,0,0
353,23,0,2077.13,1,2025-06-28,1406.80,1,19.9,3,1,1
354,46,0,827.00,7,2025-04-02,141.37,5,17.6,2,0,
355,43,5,"""1813.26""",1,2025-06-16,2080.59,2,0.8,2,1,No
356,26,0,"""1526.99""",0,2025-10-22,1613.63,0,6.8,0,0,0
357,23,1,  1506.85  ,1,2025/12/02,1446.91,-1,40.6,3,Masculino,0
358,45,1,1488.93,1,2025-08-22,"""23.91""",1,44.3,4,1,0
359,59,1,293.38,3,05-03-2025,1189.94,2,43.3,4,0,0
360,34,1,117.40,8,2025-11-01,$1465.34,1,21.5,3,1,1
361,47,1,694.74,6,2025-07-11,1993.21,0,44.8,3,0,0
362,64,0,2199.96,7,08/03/2025,956.58,0,6.1,1,1,0
363,21,0,840.07,6,2025-09-28,1199.97,0,43.1,1,0,0
364,59,1,1503.45,5,2025/10/18,1054.31,2,22.8,3,1,3
365,66,0,"""474.39""",10,2025-10-14,  718.42  ,99,29.4,1,1,0
366,41,1,1874.84,5,2025/09/27,362.84,1,11.8,3,1,0
367,66,0,2257.21,2,19-01-2025,2496.99,0,26.0,10,1,0
368,63,1,1270.57,3,02/14/2025,555.92,3,4.9,0,1,Femenino
369,37,0,$1237.63,6,08/18/2025,595.88,2,2.1,0,0,1
370,69,No,1185.49,6,2025/03/23,2331.79,2,5.5,2,0,0
371,37,0,2059.07,2,10/22/2025,-1182.31,1,37.8,1,0,0
372,18,1,  1146.42  ,8,09/02/2025,1226.65,0,7.6,4,0,0
373,34,0,56.16,6,04/08/2025,  483.53  ,1,11.9,3,1,1
374,37,1,650.94,2,18-04-2025,"186,18",2,27.7,1,0,1
375,56,0,1909.01,6,2025-04-26,868.78,1,1.5,99,0,1
376,36,N/A,$435.24,4,2025/04/11,2065.73,0,25.8,0,1,1
377,36,0,1352.62,3,01/04/2025,1836.00,5,4.1,0,1,1
378,23,1,2196.60,2,03-06-2025,264.37,2,14.5,4,0,0
379,19,1,2041.67,4,07/13/2025,1554.47,2,39.7,0,0,-1
380,52,0,1212.55,4,03-03-2025,454.18,0,34.9,0,1,1
381,66,1,1256.88,3,2025/04/06,999.33,10,5.4,2,0,1
382,45,3,-1492.71,7,2025-10-18,637.51,0,3.1,4,,1
383,57,1,530.52,4,2025/08/27,812.17,1,40.9,3,0,1
384,61,1,"1,797,54",10,2025/10/07,1966.27,0,27.9,4,0,1
385,32,1,"588,90",8,2025/07/01,30.41,2,13.4,1,1,0
386,40,0,1432.40,1,05/22/2025,1712.82,2,31.5,2,0,0
387,150,5,"""2317.59""",7,2025/11/11,244.11,0,34.6,2,1,0
388,27,Sí,1627.21,1,2025/05/06,1342.28,2,8.7,2,3,0
389,24,0,2165.45,5,2025/07/15,"1,984,63",1,35.2,3,0,1
390,45,1,1969.50,5,2025-08-12,  1002.06  ,1,10.9,0,1,Si
391,39,1,-2020.14,10,2025/05/09,2130.33,2,24.9,5,0,0
392,32,1,1138.08,0,2025-11-21,-1656.51,1,9.1,0,0,0
393,24,,396.73,2,12-02-2025,$34.83,0,16.7,3,0,0
394,63,0,"2,483,50",5,2025/09/09,354.16,0,11.4,3,1,1
395,46,0,$500.48,1,2025-04-13,342.29,2,2.5,2,0,0
396,59,1,"10,84",4,04/18/2025,"319,61",0,21.9,0,0,1
397,45,0,-478.81,1,2025-06-14,166.92,0,39.7,2,-1,1
398,,1,1078.11,3,15-09-2025,2329.63,2,36.6,4,5,
399,64,0,960.79,3,2025/07/03,2400.18,10,18.9,2,1,Femenino
400,30,1,933.93,2,2025/07/12,1731.55,2,38.7,3,1,0
401,57,0,-694.55,5,2025-10-08,"1,602,63",3,37.7,4,1,5
402,18,1,61.56,8,2025/11/18,425.29,10,8.9,2,1,1
403,25,1,338.39,5,2025-09-08,581.17,0,27.9,3,0,0
404,49,3,1435.65,2,02/08/2025,"""1075.02""",0,4.9,4,1,0
405,12,Femenino,1491.62,7,2025/12/26,-2253.14,1,22.4,2,0,N/A
406,18,0,800.01,10,2025-11-28,"2,342,71",0,37.7,3,1,0
407,150,0,1580.44,9,2025-08-03,"2,183,31",2,35.7,3,1,0
408,60,0,241.51,0,2025-09-17,829.24,0,10.4,2,1,1
409,56,0,6.26,4,2025/05/15,786.68,0,32.5,2,1,0
410,60,0,295.88,8,2025-11-07,2483.78,1,32.3,99,1,1
411,70,0,2409.43,7,06/11/2025,-985.24,2,37.4,1,0,1
412,35,Femenino,  388.43  ,8,2025/09/23,  1540.64  ,0,38.5,2,0,1
413,33,1,976.06,2,2025/09/13,1801.13,0,19.5,0,0,1
414,58,1,31.74,3,2025/05/12,2299.27,1,38.9,2,0,Si
415,47,1,1068.82,3,2025-06-04,144.19,0,31.4,0,1,0
416,25,,  2461.50  ,0,2025/07/14,"""2444.58""",2,21.1,1,1,0
417,26,1,1460.00,8,04-11-2025,811.80,1,30.1,2,1,1
418,49,0,188.51,8,2025-02-12,2090.93,1,8.9,3,0,1
419,20,1,363.96,10,12-02-2025,1496.75,0,2.3,2,1,0
420,35,0,2430.59,2,2025-04-20,-1199.30,0,39.0,1,1,3
421,67,0,  278.61  ,1,06/01/2025,502.50,1,28.2,,1,10
422,40,1,737.57,1,2025-08-28,378.04,2,44.3,3,1,0
423,46,1,972.33,3,2025/01/20,1215.42,0,18.9,2,0,1
424,56,1,1307.45,6,2025/01/16,857.71,2,3.2,,1,No
425,34,1,2077.97,2,15-07-2025,"2,229,16",2,8.8,4,0,0
426,28,1,"""1315.42""",10,2025/07/15,2427.16,2,25.7,2,1,0
427,30,0,1104.35,0,24-10-2025,"910,45",2,43.6,0,0,1
428,63,1,672.26,4,17-01-2025,"908,02",0,36.4,3,Si,0
429,57,0,1497.96,6,24-05-2025,-32.46,0,27.4,2,1,Sí
430,22,0,739.50,0,2025/12/06,1924.78,99,31.1,2,0,0
431,40,1,2225.47,8,2025/06/17,1367.82,1,32.2,0,1,0
432,50,1,2001.21,6,2025/12/17,74.40,1,34.7,3,1,0
433,40,0,"""2151.49""",0,05/24/2025,623.54,2,26.4,0,0,1
434,26,0,1158.26,1,06/05/2025,1209.61,0,36.2,3,1,0
435,52,0,2223.44,1,26-02-2025,$1325.87,2,10.0,1,0,1
436,63,0,235.98,7,09/23/2025,1522.44,,14.0,99,0,0
437,37,1,1670.30,7,2025/05/15,14.21,2,19.5,1,1,Femenino
438,49,0,"""1899.27""",5,08-04-2025,-613.45,0,26.5,0,1,1
439,38,0,$2163.71,4,10/10/2025,2424.90,0,25.6,0,99,0
440,60,0,  2197.64  ,6,02/05/2025,179.83,2,28.0,3,0,0
441,51,0,-2275.40,8,09/11/2025,$232.13,1,2.8,0,0,0
442,65,0,437.74,3,05-10-2025,1814.59,2,30.9,2,0,0
443,200,0,"""2443.93""",10,21-07-2025,"""777.10""",1,40.4,0,0,1
444,53,,"2,042,88",4,20-05-2025,1999.24,0,36.2,10,0,1
445,40,0,-1981.54,2,2025/01/23,509.93,2,41.1,10,1,1
446,52,0,2434.70,9,2025/03/28,525.71,0,3.5,0,1,0
447,63,99,2128.41,2,2025/04/18,208.54,2,4.8,2,0,1
448,35,1,2449.81,3,2025-03-13,2447.01,1,3.0,1,0,0
449,59,1,"2,252,84",2,09-02-2025,939.95,1,26.1,0,0,0
450,52,1,-2184.26,1,10/19/2025,93.94,1,0.7,0,0,0
451,42,1,363.06,4,08-09-2025,  671.02  ,0,11.5,,0,0
452,63,0,960.07,3,2025/09/28,2466.33,0,2.2,0,1,1
453,19,0,1139.06,6,2025/12/11,347.62,2,38.9,3,0,1
454,62,1,  1673.97  ,4,25-10-2025,967.33,1,21.4,2,0,0
455,69,1,906.50,7,01-11-2025,"""1895.02""",2,13.2,1,0,0
456,66,0,2153.29,5,2025-01-05,1565.88,2,10.3,2,1,0
457,20,0,  1317.71  ,9,2025/10/13,43.03,1,32.1,10,1,1
458,36,0,125.72,9,05/27/2025,366.94,0,18.3,3,1,1
459,33,1,"""1630.55""",10,02/06/2025,1825.66,1,18.4,,0,0
460,61,0,"""2280.32""",8,2025-05-24,974.09,2,39.8,1,0,1
461,0,1,196.85,9,01/20/2025,  1338.45  ,1,35.4,4,Masculino,0
462,20,1,"1,726,83",10,2025/01/03,1169.43,,13.2,3,0,1
463,43,1,$639.77,10,12-09-2025,1598.77,2,33.6,3,1,0
464,47,0,114.66,1,2025-11-14,"""1878.82""",1,17.4,0,1,0
465,51,1,2378.98,9,10/19/2025,$551.87,0,17.1,2,1,3
466,60,0,-499.67,9,2025-11-28,1237.68,0,29.5,-1,0,1
467,28,0,1932.07,1,28-12-2025,103.99,1,17.3,0,0,0
468,46,1,1003.43,4,17-02-2025,2250.68,1,10.1,3,Sí,
469,52,1,2247.06,1,2025-02-01,1554.24,0,1.4,1,1,0
470,62,0,400.82,3,10-08-2025,756.12,0,14.8,4,Femenino,0
471,57,0,"""28.11""",4,11-11-2025,209.69,1,27.2,3,0,1
472,42,0,"""406.48""",3,11/08/2025,1333.00,2,41.6,2,1,5
473,69,10,-1433.62,5,2025/05/01,794.64,0,38.4,2,0,1
474,45,1,1032.82,4,06/06/2025,427.73,99,32.6,-1,1,0
475,29,1,1442.77,6,19-04-2025,527.86,3,30.0,5,0,0
476,19,1,1225.34,10,03-02-2025,685.20,2,4.5,1,0,1
477,34,0,859.83,4,2025/02/21,2293.73,0,20.0,3,1,1
478,27,1,50.17,8,26-11-2025,1759.96,2,9.8,2,0,1
479,46,0,745.70,3,2025/04/27,1154.64,0,33.9,0,0,1
480,68,1,547.10,2,22-10-2025,626.25,1,10.0,3,0,1
481,24,1,-1241.27,10,01-03-2025,"""1040.14""",0,2.5,3,0,0
482,34,0,2423.72,10,21-03-2025,286.42,1,17.7,4,0,0
483,35,1,"""1597.25""",5,2025-08-20,1716.62,2,30.0,2,0,0
484,0,1,1211.60,4,2025-08-15,  2317.03  ,1,13.5,1,1,0
485,55,0,"""1431.36""",2,17-10-2025,48.96,1,1.7,4,0,0
486,68,0,504.02,10,2025/04/16,2220.40,0,33.7,1,1,0
487,33,1,565.85,7,04-07-2025,  795.33  ,1,27.4,4,0,0
488,58,0,163.75,3,09/05/2025,1405.84,3,41.2,0,0,0
489,19,1,1478.94,0,2025/03/26,207.32,1,22.3,2,1,0
490,53,1,  1598.48  ,6,2025-04-21,  1002.00  ,1,20.1,4,1,1
491,68,0,1248.47,4,2025/09/04,$1582.04,1,11.4,10,0,0
492,47,0,1196.86,0,11/04/2025,2323.52,0,21.9,2,0,0
493,25,0,2139.35,6,2025/01/17,1656.39,2,7.6,3,0,1
494,12,1,2334.00,7,21-04-2025,2174.58,1,32.8,4,,1
495,54,1,1035.25,0,17-11-2025,317.43,1,19.7,2,1,1
496,28,0,846.92,4,2025-10-10,2093.21,0,15.0,4,0,0
497,29,1,1841.11,6,2025-02-19,1937.17,1,9.6,1,0,1
498,,0,"1,098,13",8,06-03-2025,1291.48,1,33.4,3,1,1
499,42,10,852.98,3,02-08-2025,399.43,0,8.2,4,0,1
500,29,1,275.69,2,03/08/2025,1141.72,99,18.9,0,0,1
501,43,0,  1958.01  ,2,16-06-2025,294.46,0,14.7,3,1,1
502,67,1,2108.57,8,03/02/2025,1724.92,0,14.0,3,1,1
503,,1,2335.65,0,25-04-2025,1496.70,0,18.2,4,0,1
504,45,1,928.74,2,2025/09/12,679.82,1,22.5,2,,1
505,21,1,$2420.01,8,01-10-2025,613.00,0,35.2,2,0,
506,23,1,2248.36,0,03-01-2025,95.54,0,5.7,,1,1
507,24,1,70.96,7,2025-02-23,$2127.85,2,29.4,0,0,0
508,58,1,2292.59,7,02/22/2025,264.20,1,31.1,3,0,0
509,57,1,1554.52,4,2025/04/12,1293.65,0,43.9,1,1,10
510,58,0,941.36,3,2025-03-08,2121.55,3,41.1,1,0,1
511,37,1,360.38,7,19-06-2025,61.42,2,24.4,1,1,1
512,33,0,276.33,4,17-12-2025,656.48,2,32.8,2,0,0
513,67,1,1398.32,6,2025-07-22,2487.73,0,14.0,3,0,Sí
514,32,1,-2167.72,9,09/01/2025,"1,535,20",2,18.2,2,0,0
515,200,1,$1108.57,2,31-05-2025,977.00,1,10.7,,0,1
516,70,1,42.16,8,27-08-2025,1639.46,10,22.8,-1,1,1
517,150,0,2419.12,5,06/17/2025,313.95,2,43.4,4,0,0
518,48,1,809.23,1,2025/12/15,"583,85",0,42.4,3,0,Masculino
519,70,0,$2036.40,1,10/22/2025,-2110.87,1,28.7,4,0,1
520,29,0,1514.39,7,2025-05-12,"""1522.94""",1,32.5,3,0,0
521,23,1,868.51,7,2025/10/19,459.80,2,35.9,2,0,Si
522,41,0,$1717.46,9,09-01-2025,386.09,0,32.8,1,,0
523,38,0,1677.18,7,2025-04-23,647.99,1,13.8,3,1,0
524,51,1,1565.45,3,2025-07-20,774.01,2,41.1,0,1,1
525,68,1,237.00,8,2025/07/11,2313.35,0,27.3,0,0,0
526,61,1,380.73,1,11/06/2025,  904.10  ,1,8.0,2,1,0
527,25,1,51.16,8,2025-08-20,622.13,0,0.7,0,3,5
528,0,0,1061.59,8,2025-05-06,405.60,2,30.2,2,0,0
529,30,1,-1308.84,1,24-12-2025,917.34,5,6.9,1,0,1
530,27,0,2448.22,1,04/09/2025,1701.33,2,4.5,2,0,1
531,59,1,2306.89,3,2025-04-03,-1953.08,1,42.0,0,1,
532,70,1,1173.25,7,2025/09/01,$2171.33,3,19.2,3,5,0
533,28,0,-1853.13,6,2025-03-28,155.43,2,38.1,3,1,1
534,56,99,1107.90,4,2025-04-14,"2,372,21",2,18.5,1,Masculino,1
535,57,0,"""137.90""",6,07-04-2025,1071.52,1,27.6,1,1,0
536,38,1,2354.86,5,2025-04-03,2484.35,0,20.0,1,1,1
537,47,1,"1,882,77",5,2025/07/08,219.52,1,13.0,1,0,0
538,26,0,507.91,0,2025-02-20,272.19,1,11.4,1,1,3
539,25,0,1069.72,2,2025/04/23,1207.03,1,37.2,1,1,1
540,46,0,446.87,6,2025-02-02,  1836.98  ,1,14.2,4,1,0
541,67,1,1021.66,9,2025/03/09,1764.87,1,3.1,,0,0
542,25,3,1416.50,10,2025/04/24,-1329.07,0,1.4,,0,0
543,38,1,1277.78,6,2025/09/01,1672.65,2,9.4,-1,1,0
544,65,0,"""1110.25""",9,12/23/2025,953.59,0,36.1,0,0,Masculino
545,23,0,1535.69,5,09/09/2025,"933,87",0,16.5,2,0,1
546,59,1,1479.93,3,25-05-2025,408.62,2,25.5,0,-1,0
547,55,0,-2386.55,8,07/07/2025,617.36,0,22.7,3,-1,0
548,67,0,96.48,0,11/04/2025,365.10,0,24.2,4,1,1
549,18,1,238.76,7,2025/08/10,  590.62  ,1,37.9,4,0,5
550,35,1,1044.59,0,11/07/2025,"236,14",2,32.4,1,0,0
551,44,,2169.10,1,2025/10/06,1845.15,10,37.5,5,1,1
552,28,0,1238.29,2,2025/12/26,899.96,1,7.6,4,0,0
553,35,1,2095.82,10,2025/08/09,2186.25,2,12.6,3,1,1
554,28,0,1732.13,4,06-01-2025,908.78,1,22.5,1,1,1
555,40,0,"""572.54""",1,2025/02/06,556.56,0,12.1,4,0,1
556,29,0,135.06,8,2025/08/26,807.75,1,14.8,99,0,1
557,50,0,1263.61,0,10/09/2025,2394.93,2,5.8,2,0,1
558,20,0,1671.18,3,2025-08-22,"""1389.36""",0,9.1,3,1,1
559,60,0,909.38,10,2025-06-06,1511.39,3,19.6,0,1,0
560,40,1,714.29,6,2025-08-02,1467.95,1,40.6,1,1,0
561,19,1,314.22,8,2025-02-22,2052.41,2,1.7,1,0,1
562,70,0,1598.57,5,07-12-2025,313.29,1,8.2,3,1,0
563,69,1,"1,717,15",2,12/08/2025,-18.24,2,37.5,0,0,1
564,47,0,432.45,9,2025-08-27,1572.96,2,25.3,0,1,0
565,32,1,607.68,3,08-08-2025,678.77,2,5.2,4,0,1
566,64,1,2469.73,4,02/09/2025,"876,39",2,15.7,3,1,1
567,62,0,975.66,10,06/10/2025,"2,311,76",99,29.3,3,0,0
568,56,0,750.91,4,10/28/2025,"""434.76""",2,1.3,4,-1,0
569,35,1,1408.18,7,2025-04-10,491.22,0,5.3,2,0,1
570,39,0,254.59,4,2025/04/18,1000.01,0,33.3,4,0,0
571,38,99,1944.03,2,07/14/2025,188.48,0,41.4,2,1,0
572,38,1,2159.91,0,2025/04/25,$1895.60,1,12.1,4,5,0
573,39,0,"""2431.52""",7,2025/03/17,1655.12,1,36.9,3,1,1
574,52,1,252.98,3,2025-09-17,  2372.68  ,1,26.4,3,1,10
575,48,0,510.72,10,07-09-2025,113.73,2,20.4,0,No,1
576,25,1,1446.01,5,04-10-2025,2186.03,5,17.0,4,0,0
577,44,0,1677.73,3,17-12-2025,  984.84  ,2,41.8,1,0,No
578,38,1,130.16,1,2025-08-02,-1291.78,0,43.8,3,1,1
579,31,0,17.99,5,2025/09/10,$1232.82,0,40.2,99,1,0
580,21,1,777.91,10,09/13/2025,"1,214,36",2,17.2,4,10,0
581,66,1,86.81,4,11-10-2025,1640.26,2,16.0,0,1,0
582,22,1,55.80,0,2025/12/17,229.54,1,34.6,3,1,0
583,34,1,893.71,3,2025-03-11,1728.76,1,12.8,2,1,0
584,27,,1349.79,1,02-01-2025,"""300.05""",2,9.1,0,1,1
585,150,0,"""62.86""",1,22-01-2025,495.58,0,43.1,4,1,1
586,70,1,852.06,0,17-12-2025,370.55,2,24.9,4,0,0
587,63,1,$1975.87,9,2025/04/02,1845.17,0,7.8,-1,1,1
588,44,0,2099.50,8,2025/10/14,1882.47,1,26.8,0,1,1
589,42,1,  375.06  ,2,2025/02/17,1325.01,2,38.3,4,0,1
590,33,0,"1,137,37",0,2025/10/02,642.69,1,7.4,0,0,0
591,28,0,2156.15,9,2025/02/27,"172,50",1,17.7,0,1,1
592,53,0,1849.35,0,2025-07-04,255.11,2,44.3,4,1,0
593,59,1,"745,02",5,2025/11/07,2198.21,1,3.0,1,1,1
594,32,0,1153.63,4,06-03-2025,324.10,1,34.0,4,1,0
595,21,1,215.76,3,07/12/2025,459.87,0,24.1,3,3,1
596,30,0,2030.16,8,2025/09/22,2212.09,1,37.3,1,1,0
597,26,1,647.68,4,2025-12-22,1107.07,2,12.6,-1,1,0
598,63,1,236.44,10,2025-04-10,2271.36,-1,7.5,3,0,0
599,58,0,1270.98,10,01/10/2025,$713.67,0,25.6,2,1,0
600,52,1,1999.02,7,11/15/2025,348.49,2,34.4,3,0,1
601,42,1,"""435.25""",5,13-02-2025,1450.65,0,26.4,2,1,1
602,51,0,1780.90,4,05-04-2025,1632.78,1,7.3,4,1,0
603,25,1,1573.33,7,2025/03/28,284.46,0,9.7,3,1,1
604,37,0,"""320.93""",0,2025/06/05,"1,030,45",-1,34.5,0,0,1
605,34,1,1658.05,3,2025/10/19,1380.78,0,7.5,0,0,0
606,53,99,353.09,8,11/15/2025,"598,37",1,17.1,0,0,1
607,33,0,360.95,7,24-01-2025,192.63,1,21.8,0,1,1
608,54,1,  1583.15  ,1,05/11/2025,1085.22,1,20.7,2,0,Masculino
609,62,0,  1092.81  ,8,2025/03/07,642.71,2,12.1,3,No,1
610,21,0,1877.85,6,06/27/2025,264.01,0,7.0,4,5,0
611,35,0,404.55,2,02/26/2025,2160.24,2,19.3,-1,1,0
612,41,5,1213.79,4,26-01-2025,"2,096,60",2,22.2,2,1,Sí
613,38,1,-288.01,4,2025-02-27,1256.47,99,28.7,0,0,0
614,27,,1554.82,0,2025/09/14,736.75,2,9.6,1,0,0
615,34,1,"2,165,47",5,2025/02/23,68.24,0,17.0,1,0,1
616,62,0,476.47,7,07-11-2025,"1,693,89",1,3.2,0,1,1
617,64,1,"950,59",4,12/01/2025,"""945.67""",2,4.8,1,0,0
618,20,0,129.51,3,01/03/2025,2495.49,0,37.4,4,1,1
619,63,0,"1,722,11",7,11/01/2025,"""126.56""",1,43.3,2,1,0
620,24,0,505.83,10,2025/02/25,1493.49,1,43.6,2,0,1
621,47,1,59.96,4,2025-07-28,2230.14,1,30.1,4,1,1
622,40,1,1908.78,4,2025-04-27,399.36,1,40.7,3,0,1
623,24,1,441.26,9,25-07-2025,995.39,1,33.5,3,1,1
624,54,No,  1652.06  ,2,11/28/2025,2103.85,1,32.6,0,Femenino,0
625,37,1,1954.22,3,17-11-2025,2126.06,2,22.6,2,1,0
626,150,0,922.75,0,2025/02/17,842.40,2,7.7,4,1,0
627,43,0,-719.03,2,16-04-2025,"""160.88""",0,12.0,4,1,1
628,55,0,1333.97,4,23-09-2025,55.03,,23.3,0,0,0
629,62,1,1589.96,7,03/10/2025,1702.16,2,22.1,2,0,0
630,46,1,1577.57,7,2025-02-28,185.10,1,18.9,1,1,0
631,50,1,1178.78,0,2025/10/17,1168.01,5,12.5,3,1,1
632,23,1,"811,19",4,2025/04/16,2158.53,5,11.6,0,N/A,1
633,27,1,2406.95,3,2025-12-17,$19.35,0,42.8,3,0,1
634,56,1,2453.12,9,07/17/2025,232.77,2,41.6,0,1,1
635,34,0,1865.56,5,2025/10/02,543.92,2,4.0,3,1,0
636,200,1,1167.19,4,07-07-2025,1958.92,0,22.2,3,0,1
637,25,1,-1049.09,10,2025-10-22,1263.65,1,12.9,0,0,99
638,53,0,1435.30,3,2025/06/12,1700.08,1,3.2,,0,1
639,18,0,224.59,3,11-11-2025,  1048.96  ,1,15.6,10,1,0
640,63,0,"2,224,23",9,02/09/2025,1967.24,2,40.2,4,1,0
641,45,0,209.87,5,08/28/2025,1688.27,1,25.7,3,1,0
642,34,0,801.46,3,2025/01/16,2185.89,2,6.8,2,0,1
643,68,1,$2228.24,8,2025/04/06,1356.71,2,29.8,1,1,1
644,26,1,$900.39,6,05/04/2025,1790.85,1,38.5,4,0,1
645,46,0,2047.12,0,2025-06-04,558.26,0,2.4,4,1,0
646,56,1,"2,058,55",1,2025/02/19,1686.90,0,25.1,3,0,0
647,38,0,837.10,6,2025/12/04,1746.75,0,15.9,,0,0
648,27,0,2087.71,0,2025/07/14,767.96,2,13.4,2,1,1
649,38,0,2375.53,9,2025/04/14,272.83,0,25.0,5,0,-1
650,40,0,  2186.87  ,1,10/24/2025,1936.91,0,41.4,0,0,1
651,59,1,"""2131.65""",2,2025-10-16,  585.80  ,1,17.4,2,1,1
652,200,0,1009.49,0,09/02/2025,2372.66,2,34.9,1,0,0
653,69,99,366.72,1,10/23/2025,1876.61,0,7.2,3,1,0
654,53,0,961.76,1,03-10-2025,835.88,99,40.9,2,1,0
655,35,0,419.28,2,06-10-2025,931.09,2,27.6,2,0,0
656,68,0,357.42,10,2025-06-09,"2,159,52",0,22.0,2,0,0
657,55,1,324.17,6,01/26/2025,620.16,2,8.7,2,1,1
658,41,1,  1446.49  ,5,05/20/2025,2432.09,1,26.0,99,0,0
659,22,0,1084.77,10,15-04-2025,$1234.80,2,39.8,4,1,1
660,60,0,1487.22,0,2025-07-10,585.60,1,21.2,4,0,1
661,51,0,1648.19,9,2025/06/07,  2320.79  ,2,40.7,2,0,0
662,48,0,32.76,8,2025/08/02,1521.98,0,25.8,2,1,1
663,29,0,1706.20,3,2025-10-12,192.12,0,37.1,0,0,1
664,39,1,"""1501.82""",2,2025/06/24,-1741.32,1,36.1,4,1,1
665,19,0,116.50,2,02/26/2025,1682.07,2,4.7,-1,1,0
666,57,0,$446.78,2,10-05-2025,1984.96,2,26.6,4,1,0
667,27,1,-1585.06,6,2025-04-02,913.80,1,4.6,5,0,0
668,23,0,161.46,9,2025/02/10,$1103.71,2,19.9,2,0,0
669,47,0,2260.15,6,16-04-2025,"""2290.09""",0,14.9,0,0,0
670,20,1,  400.16  ,9,02-08-2025,1059.10,1,21.4,1,0,0
671,47,0,  2218.49  ,4,26-12-2025,1955.80,1,16.2,4,0,1
672,38,0,236.61,3,2025/08/04,357.61,1,36.6,4,Sí,0
673,38,0,2252.47,6,2025-11-25,1598.68,1,1.9,3,0,0
674,63,1,-1382.83,7,2025-06-15,$122.00,1,17.8,4,1,1
675,25,No,$2100.43,9,08-06-2025,159.11,1,11.0,,0,Femenino
676,63,1,"1,182,92",7,2025/03/03,"""948.32""",0,44.1,1,0,1
677,37,0,1269.06,7,10-06-2025,2244.85,1,42.9,2,Si,0
678,65,1,529.79,10,26-02-2025,"""2401.78""",1,1.9,0,1,1
679,58,0,1014.63,8,17-07-2025,1751.82,0,15.1,2,0,1
680,62,0,2420.37,1,2025-06-27,357.47,0,19.4,0,Masculino,1
681,54,0,439.83,8,06-04-2025,"198,62",0,37.1,1,0,1
682,42,1,49.71,8,14-02-2025,669.54,0,16.0,3,1,N/A
683,24,0,1354.93,3,2025/03/27,850.86,1,44.7,4,0,1
684,21,1,2008.58,7,28-06-2025,1397.10,0,20.8,2,0,0
685,36,1,"1,832,20",7,09-03-2025,1688.69,1,7.0,2,1,0
686,67,0,653.52,1,2025-11-05,1738.84,5,39.9,1,1,1
687,47,1,1459.85,2,01/12/2025,551.12,0,33.4,1,5,Si
688,69,0,"""2142.69""",1,21-02-2025,998.81,2,25.6,2,1,0
689,46,1,2360.16,3,2025-11-22,$598.42,2,27.6,4,0,0
690,65,,  1007.43  ,3,2025/09/17,1838.08,,18.5,-1,,1
691,49,0,878.16,2,2025/01/12,1216.85,1,43.2,3,1,1
692,32,1,-813.13,9,06/13/2025,2394.48,1,7.1,1,1,0
693,28,1,1481.13,0,2025/12/09,473.19,1,41.6,,0,0
694,59,1,927.90,0,11-01-2025,$1141.14,2,27.3,3,0,3
695,60,1,$1273.72,6,11-05-2025,-2247.34,2,22.9,0,1,1
696,53,0,1524.27,2,2025/08/21,887.21,2,25.0,-1,0,-1
697,65,0,$2360.32,7,2025/11/01,"""821.00""",1,29.1,2,1,1
698,56,0,  1027.62  ,8,24-01-2025,540.94,1,22.7,2,1,0
699,49,1,1321.38,5,2025/04/11,1822.06,0,38.0,2,0,Femenino
700,43,0,1702.06,5,01/07/2025,2206.35,1,24.9,2,1,1
701,200,0,"998,66",6,2025-07-22,  852.41  ,1,16.2,3,1,0
702,39,Si,"2,391,15",6,2025-05-24,1858.17,1,5.9,3,0,0
703,50,1,961.28,7,2025/02/21,-1483.21,10,22.0,1,0,0
704,47,Si,1605.80,5,01/07/2025,"""1446.58""",1,5.1,3,1,0
705,40,1,2268.68,4,2025/10/16,1870.11,1,6.1,3,1,0
706,34,1,1237.14,6,2025/01/08,"824,54",1,33.4,4,0,1
707,64,0,2225.27,8,2025/05/19,642.77,3,18.8,2,1,0
708,30,0,429.42,1,02/10/2025,299.05,1,14.2,1,1,0
709,43,0,2043.01,10,2025/11/12,2473.12,10,19.5,3,1,0
710,35,1,"2,025,40",1,2025/10/21,-1476.86,2,3.7,2,1,1
711,20,1,2160.67,5,2025/08/06,$1077.83,1,36.6,0,0,0
712,25,1,228.72,6,06/09/2025,1972.41,2,2.1,3,1,0
713,55,0,1380.87,1,08/21/2025,2032.14,2,27.6,1,1,0
714,61,,1178.96,6,18-09-2025,443.81,0,12.9,3,0,1
715,25,Si,243.03,5,05-10-2025,606.19,1,14.0,0,0,0
716,69,0,1096.55,3,2025-07-26,343.13,2,6.5,0,0,1
717,,1,655.19,2,2025/03/02,1752.15,0,2.0,0,0,0
718,65,0,  633.99  ,4,2025/03/18,1177.24,2,37.9,4,0,0
719,64,1,320.83,3,2025/07/28,1799.35,0,16.3,2,0,0
720,65,Masculino,724.40,6,2025/05/02,489.32,2,2.2,3,0,0
721,70,0,514.84,1,2025/04/01,2255.90,1,24.2,1,0,1
722,,10,-1086.30,9,2025/12/28,2024.76,2,20.5,0,0,0
723,32,1,"""2091.17""",6,2025/03/04,419.02,2,20.0,1,1,1
724,63,1,1001.83,1,25-05-2025,877.71,0,26.3,2,1,1
725,63,0,1659.23,4,2025-05-02,385.04,2,23.8,0,1,1
726,29,1,$1148.53,10,07-07-2025,374.50,2,31.8,1,1,1
727,68,1,1344.33,10,2025/06/08,1216.94,2,29.3,4,0,Si
728,46,5,"2,459,41",6,01/24/2025,1178.52,1,28.5,4,1,0
729,68,1,2497.65,7,04/05/2025,1191.84,1,18.4,1,0,1
730,150,0,2464.51,10,2025/02/13,2372.96,1,12.6,2,1,1
731,24,1,79.48,9,12/25/2025,$2263.36,0,14.7,4,0,0
732,64,0,2319.64,6,15-04-2025,143.72,1,30.6,4,0,1
733,29,1,1169.88,1,2025-06-01,"661,68",0,40.3,5,0,0
734,59,-1,1819.00,7,02-05-2025,-921.34,2,18.8,3,Femenino,1
735,44,1,"1,459,25",2,15-08-2025,$1096.48,1,0.6,2,0,1
736,38,0,1212.89,7,06/06/2025,1764.47,10,38.8,3,1,1
737,52,1,883.54,4,2025/12/24,414.96,1,5.9,4,0,1
738,69,0,422.17,8,2025/03/14,1441.84,1,4.9,3,-1,0
739,23,0,1598.84,7,12-12-2025,1245.40,1,34.2,3,0,1
740,68,1,"1,139,33",3,2025-08-01,-1689.58,1,23.6,1,1,0
741,40,0,476.45,2,2025/03/05,  1386.95  ,2,31.9,1,0,0
742,20,0,-773.25,5,15-09-2025,"""642.91""",1,1.7,1,0,1
743,38,1,1154.35,5,09-06-2025,143.10,,43.2,1,1,1
744,39,1,2479.42,5,2025/04/17,867.03,2,25.6,4,5,1
745,19,1,$852.97,3,2025/08/20,$1890.94,1,5.8,1,1,0
746,48,0,326.56,4,2025/09/02,"""2004.80""",2,26.2,0,No,1
747,55,0,1237.27,9,2025/06/06,2279.35,0,37.8,4,0,0
748,65,0,111.72,7,2025/07/17,1206.11,5,36.6,3,10,1
749,22,0,  1821.62  ,1,09-10-2025,878.13,1,15.0,2,0,1
750,45,0,-501.76,4,2025-07-24,921.55,2,7.3,2,0,0
751,52,Femenino,1739.06,6,2025/04/23,1413.35,3,39.7,2,0,1
752,19,0,1424.67,4,17-01-2025,889.57,1,32.5,1,1,0
753,42,1,2250.43,6,2025-05-25,$2082.63,1,20.9,0,0,1
754,59,0,852.73,4,14-03-2025,640.25,,23.4,3,0,1
755,61,0,2163.07,2,2025-09-09,-558.35,0,25.4,1,1,1
756,62,0,-625.50,1,22-05-2025,2154.99,1,5.0,1,1,1
757,65,0,317.56,9,02/24/2025,$1248.35,2,19.6,2,0,
758,27,0,2057.85,4,31-03-2025,-2074.66,1,26.1,0,1,0
759,58,1,2300.94,2,2025/07/28,-1319.66,2,7.8,2,1,0
760,65,1,"78,33",10,01/12/2025,1375.48,0,7.1,3,1,1
761,56,1,1731.60,10,05/08/2025,1433.25,0,33.7,0,0,1
762,40,Masculino,2181.71,0,09-04-2025,"213,69",0,5.0,0,1,1
763,30,0,990.47,5,06/04/2025,1232.38,0,17.0,2,0,0
764,37,1,499.32,9,03/28/2025,"""1346.59""",2,8.1,4,Si,0
765,42,1,-178.24,8,08/11/2025,673.21,10,18.3,0,0,0
766,65,0,1385.96,8,16-05-2025,1733.14,2,30.8,-1,0,0
767,36,1,1477.97,0,2025/10/24,2427.31,2,1.2,2,,1
768,23,1,1414.78,5,05/24/2025,1814.94,10,15.3,1,0,1
769,,1,1122.20,2,01/10/2025,788.56,1,4.6,4,1,Sí
770,22,0,1832.19,8,2025-10-03,"594,33",1,45.0,1,0,1
771,61,1,-1823.59,7,2025/08/26,1240.85,1,2.6,2,0,0
772,56,0,  2105.32  ,2,10/25/2025,2341.88,1,41.1,4,1,1
773,33,0,1124.27,7,05/15/2025,1740.28,1,22.8,3,1,0
774,19,0,2296.10,6,05/05/2025,  1833.27  ,1,35.9,1,1,1
775,59,1,1477.12,0,2025-10-06,$956.10,2,43.2,2,0,0
776,23,0,1901.79,8,2025-09-04,439.38,1,22.9,4,0,1
777,49,1,"1,118,89",9,06/15/2025,2178.32,0,15.2,3,0,1
778,56,1,752.24,9,2025-09-24,1741.31,1,31.2,3,0,0
779,55,1,77.38,5,2025/12/06,1422.64,2,32.5,3,1,99
780,54,1,"""2026.08""",2,2025-04-17,966.77,1,26.8,4,1,1
781,65,1,$1044.52,3,2025-05-06,2349.04,1,1.8,4,1,0
782,68,1,418.36,0,04/25/2025,1958.39,10,9.4,3,3,1
783,20,0,94.64,2,2025-07-13,"""2153.88""",2,10.9,0,0,1
784,55,1,2428.40,10,2025-01-20,-1515.76,2,9.6,0,1,1
785,59,1,212.70,10,02/02/2025,"""1643.46""",1,20.6,3,0,1
786,-5,0,1822.21,2,11/04/2025,829.50,1,12.7,1,0,1
787,53,1,1112.22,9,01-06-2025,"690,28",1,5.3,2,1,10
788,46,0,348.67,9,06-06-2025,443.98,2,37.3,1,1,0
789,45,0,"5,79",1,2025-06-02,1469.79,2,42.3,,0,1
790,51,0,259.33,4,2025/08/20,1927.86,1,40.9,3,1,0
791,56,0,692.29,7,2025/02/13,267.38,0,9.4,2,1,1
792,45,0,"""996.08""",9,2025-06-11,"""1152.88""",1,7.4,4,1,1
793,-5,1,"""1111.46""",2,07/08/2025,-1917.53,0,28.6,,0,1
794,37,0,481.99,5,2025/10/23,2071.93,1,2.8,4,0,1
795,46,0,983.57,3,2025/03/11,1951.99,2,31.0,1,1,0
796,39,1,"""533.25""",10,26-02-2025,1152.21,1,9.1,4,0,0
797,59,0,"""2177.14""",1,09/21/2025,1473.25,0,13.1,0,0,0
798,32,0,1036.22,3,2025/03/22,-778.99,0,29.2,4,0,0
799,47,0,  572.44  ,1,2025/05/17,402.88,0,12.5,1,1,0
800,70,1,1465.49,2,2025/10/13,"""807.81""",1,32.0,2,1,No
801,21,3,2092.31,6,08/23/2025,1413.43,2,12.2,2,0,0
802,69,0,"""159.87""",8,16-08-2025,778.30,0,2.5,2,1,0
803,44,0,805.95,3,2025/07/12,-2275.42,10,8.6,3,0,1
804,58,0,  180.03  ,4,27-08-2025,366.24,1,26.1,0,0,1
805,49,0,1075.30,4,03/26/2025,1328.26,1,42.6,3,0,0
806,38,1,  2464.49  ,6,02/18/2025,272.25,2,12.9,4,1,0
807,34,1,1629.50,0,25-10-2025,"496,95",0,36.4,2,1,0
808,36,1,456.42,4,2025-05-17,2048.30,2,20.9,-1,0,0
809,70,1,  111.67  ,2,07/03/2025,-525.64,1,21.4,1,0,1
810,12,0,662.50,10,07/04/2025,  1156.88  ,0,35.8,4,0,0
811,23,1,685.61,8,02-10-2025,"49,78",2,37.8,4,0,1
812,30,0,1962.45,9,2025/03/23,417.12,1,36.1,99,0,0
813,35,3,2134.40,5,04-04-2025,2373.27,1,11.8,4,1,1
814,35,1,1015.71,6,08-03-2025,1215.41,0,36.5,4,1,0
815,69,1,2053.02,9,09-08-2025,1373.50,2,18.2,1,1,0
816,51,1,1362.35,7,2025/11/28,185.67,,39.5,1,0,0
817,45,0,2362.04,0,2025-05-02,1833.78,2,21.3,5,0,0
818,19,1,2288.10,2,2025/07/22,105.88,0,24.8,0,1,0
819,,1,417.26,5,06/21/2025,  959.62  ,1,42.4,4,0,0
820,66,Femenino,$1139.85,9,2025-10-01,325.37,1,44.4,0,0,0
821,-5,10,"""987.43""",5,12-01-2025,2180.23,0,31.5,4,1,1
822,19,0,962.11,10,2025/07/19,221.14,2,7.7,3,0,1
823,61,0,2270.45,5,05-04-2025,1012.95,1,43.7,4,1,1
824,64,1,1109.78,0,2025-06-15,2446.87,0,29.1,10,0,1
825,21,0,670.13,8,04/18/2025,558.84,1,43.8,2,0,1
826,51,1,991.61,10,2025/07/18,742.72,10,26.4,3,1,0
827,18,1,123.40,9,2025/10/16,768.26,0,42.8,1,1,1
828,22,0,1242.79,2,2025/06/18,1136.42,0,42.0,10,1,0
829,65,,672.42,6,2025/07/25,302.37,0,3.7,0,0,1
830,22,1,2084.83,4,02/25/2025,1750.46,2,3.7,2,1,1
831,38,0,227.84,10,03/06/2025,$611.78,0,9.9,1,1,0
832,27,0,1925.53,10,2025/01/03,1787.93,1,27.2,3,0,0
833,22,0,677.38,3,2025/10/03,850.52,2,35.6,,1,3
834,64,10,-384.28,0,2025-12-24,1658.30,1,15.1,3,1,0
835,45,1,$861.36,7,27-06-2025,"""1575.72""",1,1.7,1,1,1
836,45,1,498.38,8,01/25/2025,"""1541.43""",0,17.4,4,N/A,0
837,45,0,$903.14,7,05/13/2025,200.47,1,2.2,3,1,1
838,54,1,1781.51,10,09/06/2025,2213.01,1,7.6,4,1,1
839,64,0,79.66,9,05/26/2025,101.58,0,19.5,3,0,1
840,43,0,850.79,8,03/26/2025,"""142.69""",0,43.9,0,0,1
841,20,0,474.82,4,28-07-2025,1586.69,2,39.1,1,Si,1
842,61,Masculino,1056.36,7,04/20/2025,1409.97,2,11.8,2,1,0
843,60,0,-41.69,1,2025-06-03,1783.71,0,9.8,3,0,1
844,48,0,1519.23,7,2025-08-20,760.75,2,7.0,2,1,0
845,50,0,-265.68,7,2025-01-26,1925.89,0,6.3,1,0,1
846,23,0,$2440.07,8,10/27/2025,941.57,10,31.0,2,1,1
847,69,1,774.28,1,11-05-2025,1756.04,2,37.5,4,0,0
848,62,0,$1026.42,10,21-12-2025,2316.09,0,8.9,0,1,0
849,68,0,1985.01,0,2025-06-17,2339.71,0,33.9,2,0,1
850,48,1,1487.92,9,2025/08/04,2225.58,0,23.4,3,1,0
851,65,0,368.81,1,01/12/2025,379.15,0,3.9,2,1,0
852,49,1,$216.08,8,05/08/2025,1557.53,1,28.8,0,0,1
853,19,0,1886.25,4,22-06-2025,1029.51,1,28.4,2,1,1
854,38,0,1815.57,10,2025-03-04,391.68,0,22.3,3,0,1
855,20,1,1554.57,8,07/11/2025,"1,843,71",-1,16.9,1,1,0
856,41,1,903.73,6,2025-06-28,1997.53,2,24.7,3,1,1
857,-5,1,2186.29,9,2025/03/12,  1627.49  ,0,27.5,3,1,3
858,19,0,2250.03,5,2025/10/01,-810.62,0,23.6,2,0,1
859,42,0,2288.10,6,2025/12/26,$1313.56,1,43.5,4,0,1
860,33,0,57.62,0,2025/06/18,355.87,2,9.8,4,1,Si
861,57,1,"""191.37""",1,10-08-2025,1450.85,2,19.8,4,0,1
862,30,N/A,2391.07,2,2025/09/25,  1108.34  ,2,20.6,5,,1
863,25,0,76.62,6,2025-02-08,1977.25,2,7.5,3,0,1
864,51,0,"765,74",2,2025/12/03,566.25,2,15.4,4,0,1
865,58,,2477.33,6,10/23/2025,"""691.58""",0,2.2,1,1,No
866,54,0,1486.14,5,24-02-2025,193.00,2,14.9,2,0,1
867,38,1,1707.76,1,2025/03/17,1419.00,2,6.3,0,1,1
868,24,0,1029.81,7,03/17/2025,2019.21,0,30.4,3,0,1
869,70,0,"""1694.90""",1,10-10-2025,2278.07,2,31.2,2,0,1
870,30,0,2417.80,1,2025-08-12,1814.02,3,42.2,4,0,1
871,46,1,1135.14,2,2025-01-21,973.77,1,27.4,0,1,1
872,52,0,2419.26,1,05/14/2025,1309.35,2,14.4,2,1,0
873,21,0,170.44,2,2025/12/25,526.83,1,34.9,0,0,1
874,29,0,1049.87,6,16-06-2025,1212.93,2,16.8,3,0,0
875,18,0,$2160.13,8,10/19/2025,"""1588.37""",0,9.4,3,3,1
876,56,1,"""135.21""",5,18-05-2025,1642.15,0,8.3,3,1,1
877,53,0,  1137.04  ,3,2025-09-02,1807.63,1,44.1,3,0,1
878,19,99,"""1246.12""",2,2025-04-15,2162.44,1,35.2,4,1,1
879,33,1,1226.33,1,2025-04-03,586.75,2,30.4,2,1,0
880,64,1,"239,92",5,09/06/2025,2305.89,,29.2,1,0,1
881,50,0,702.18,2,09-08-2025,1403.80,1,19.4,1,3,0
882,66,1,1430.24,6,2025-08-26,795.09,1,35.0,3,0,1
883,61,0,2177.85,8,02-06-2025,1141.01,1,37.3,1,0,0
884,19,1,711.03,5,2025/03/01,1546.71,0,19.1,3,1,1
885,64,1,1718.00,4,2025-04-12,170.66,0,32.6,2,0,0
886,18,1,1670.41,10,10-12-2025,550.91,0,12.2,3,1,1
887,42,3,2448.92,10,2025-05-03,2477.48,2,34.2,1,0,1
888,31,1,149.90,6,07/08/2025,2317.34,99,13.1,4,1,1
889,35,1,1456.75,0,2025-12-11,1147.44,2,9.8,3,0,0
890,21,0,  2386.51  ,8,10-06-2025,  1810.09  ,2,25.0,4,1,3
891,64,1,112.31,3,2025/03/05,668.91,1,11.8,3,1,1
892,32,1,  992.32  ,7,21-03-2025,412.89,5,9.4,2,1,0
893,48,0,465.84,9,2025/10/19,1186.23,2,26.2,3,,0
894,47,1,  2409.84  ,7,26-04-2025,1611.68,1,36.5,0,0,1
895,65,0,$1695.49,6,11/10/2025,2157.78,0,18.0,1,1,1
896,20,0,195.48,1,25-05-2025,1618.93,1,8.2,1,0,1
897,18,1,2324.47,1,2025/06/08,336.27,3,17.9,2,1,0
898,25,1,405.46,7,06/14/2025,1951.78,1,10.1,4,0,1
899,35,0,2417.10,7,2025/06/08,1304.19,0,6.8,0,1,0
900,22,1,1933.62,3,11/04/2025,1790.63,0,13.3,0,99,
901,63,0,"""1762.21""",2,2025-08-18,-32.95,1,11.1,2,0,0
902,58,0,1271.86,1,08/25/2025,1214.07,0,43.8,1,0,0
903,60,0,1507.91,1,26-01-2025,1086.12,1,13.2,3,Femenino,1
904,34,0,  2468.20  ,1,2025/11/20,2231.91,1,11.4,2,,5
905,150,1,892.09,3,2025/12/16,2255.15,0,11.0,99,0,0
906,39,0,1276.49,2,12-05-2025,519.89,2,39.6,0,1,0
907,27,0,162.03,9,2025/08/25,395.23,1,18.6,1,1,0
908,29,0,"538,95",8,2025-08-09,1039.12,1,9.1,1,0,1
909,32,1,  2138.66  ,3,08-09-2025,601.49,1,1.2,2,1,1
910,39,0,220.57,0,2025-09-27,2420.56,0,9.7,3,0,0
911,56,0,-1516.39,0,04/25/2025,  562.54  ,1,32.1,3,0,3
912,60,1,$2063.06,4,2025/10/14,1080.57,1,27.6,3,1,0
913,27,1,998.08,5,05/05/2025,700.19,0,32.8,0,0,10
914,66,0,2316.43,3,2025/12/07,1926.58,2,29.7,3,,1
915,27,1,620.80,1,05-11-2025,2082.83,2,30.5,1,1,1
916,61,0,809.83,8,2025/01/26,2109.23,0,8.1,0,0,1
917,30,1,2159.94,10,2025/04/27,637.02,1,30.5,3,0,0
918,48,0,398.84,7,08/18/2025,1098.58,1,31.0,3,1,0
919,55,1,959.00,4,01/25/2025,2039.23,10,21.6,3,1,0
920,30,1,$1373.56,6,2025-11-05,-2121.16,0,36.7,3,1,0
921,36,0,$553.77,10,27-02-2025,"1,805,05",1,24.0,3,0,1
922,25,0,"654,21",6,28-12-2025,"1,206,53",2,44.5,4,1,1
923,70,0,448.79,0,05-07-2025,171.89,0,11.4,0,0,1
924,12,No,2278.93,5,12/12/2025,$1077.49,2,11.5,0,0,1
925,43,5,1555.88,6,12/23/2025,1739.68,0,36.9,3,1,1
926,49,0,1198.60,8,01-10-2025,$2186.47,10,44.3,2,0,1
927,33,Femenino,$2436.43,0,2025-04-05,2161.50,1,26.4,3,1,99
928,31,1,1821.24,9,22-05-2025,1269.68,1,22.2,3,0,1
929,70,Masculino,1695.23,6,12-06-2025,"506,24",2,16.8,3,1,1
930,53,1,  832.30  ,8,05/06/2025,1929.32,1,37.5,3,0,0
931,37,1,1038.91,4,16-01-2025,1397.24,2,17.0,0,0,1
932,31,0,"1,608,40",10,11/16/2025,913.46,1,16.8,1,1,0
933,70,0,1723.38,4,01/15/2025,1415.25,2,33.0,2,0,1
934,66,1,1546.29,9,17-06-2025,677.59,3,35.3,0,0,1
935,53,0,1121.63,1,05-08-2025,$713.65,10,16.1,0,0,1
936,35,1,478.12,1,2025-04-22,  2144.08  ,1,23.5,3,1,0
937,48,Si,1482.47,6,2025-12-04,869.98,1,42.1,10,0,0
938,56,1,-1484.10,10,2025/03/15,-1562.56,0,31.7,1,1,1
939,36,0,861.79,0,2025/04/18,1785.34,10,16.2,2,1,Si
940,51,0,1115.98,10,03/22/2025,2328.24,2,22.6,1,0,1
941,-5,0,551.45,2,2025-08-04,1419.23,0,10.8,0,0,0
942,21,1,  374.15  ,0,01/05/2025,890.62,-1,13.4,0,0,0
943,32,1,"""53.31""",6,11-03-2025,961.78,0,4.4,3,0,1
944,64,0,2440.64,6,12-10-2025,895.70,0,28.3,2,1,1
945,32,10,1296.93,8,2025/04/14,213.77,0,37.1,4,1,1
946,41,0,278.68,1,26-04-2025,$1088.75,2,41.2,0,99,1
947,28,5,-272.04,5,2025-07-28,2119.09,2,42.9,2,0,0
948,55,0,2335.02,4,2025/03/04,"265,27",1,26.3,4,1,1
949,67,0,1801.08,3,11/05/2025,198.35,1,11.9,4,0,0
950,52,Femenino,2355.46,3,20-02-2025,  903.07  ,2,24.0,99,1,0
951,24,1,  1011.81  ,4,2025/02/01,1977.16,2,20.5,2,1,0
952,25,1,1487.99,1,22-10-2025,860.83,0,37.9,0,1,0
953,24,1,-1926.80,0,2025/09/04,1438.05,0,21.5,1,1,0
954,19,1,"""815.30""",0,2025/05/20,787.87,0,11.4,4,3,0
955,63,1,2352.60,1,2025-03-17,1445.02,0,24.0,5,0,1
956,41,0,2112.93,2,20-08-2025,"1,210,23",0,13.9,2,0,1
957,33,1,$1909.44,9,27-06-2025,858.69,2,14.5,1,0,0
958,40,1,818.27,7,2025/10/15,2275.36,2,4.4,4,1,Femenino
959,21,0,"""2191.71""",10,2025-07-26,207.51,10,22.5,2,1,0
960,22,Si,"126,14",8,15-09-2025,2146.62,1,29.7,0,No,1
961,62,0,$2252.65,10,02/02/2025,1769.32,0,5.2,2,0,1
962,42,1,"2,186,94",5,2025-06-10,502.10,2,38.2,-1,0,0
963,66,0,1232.85,1,09/24/2025,530.04,2,15.4,3,1,
964,37,1,-2258.13,3,11/09/2025,"""2176.03""",0,11.1,3,1,1
965,19,1,513.65,10,02/09/2025,1169.44,0,21.0,5,0,0
966,150,0,375.71,8,15-06-2025,"""2262.90""",0,14.8,3,0,1
967,40,0,2229.68,8,07/05/2025,"""780.84""",0,1.2,4,1,1
968,19,1,1994.50,2,2025-07-10,1716.60,2,16.8,0,1,0
969,65,N/A,1045.60,0,10/13/2025,714.08,2,27.1,4,1,0
970,23,1,567.03,7,11-05-2025,$2030.05,1,11.8,0,1,1
971,37,0,2082.08,9,18-08-2025,2044.23,0,34.3,2,1,1
972,49,0,849.00,4,23-06-2025,2492.46,2,35.4,5,1,No
973,20,Masculino,1375.25,10,11-07-2025,902.00,2,21.4,1,Sí,0
974,36,0,"401,05",4,11/24/2025,1315.35,2,33.6,2,1,1
975,40,1,-2205.72,7,09/08/2025,-996.35,1,27.7,3,0,1
976,35,1,2240.63,3,03/08/2025,  1352.33  ,1,35.9,2,0,1
977,49,0,570.94,4,06-11-2025,"1,367,34",2,41.2,4,0,0
978,61,1,635.20,7,2025/09/10,"""2339.28""",1,7.6,0,3,0
979,37,0,423.75,10,2025/10/09,1063.95,,5.5,1,1,0
980,67,1,1341.86,6,20-11-2025,$1276.10,0,44.3,1,0,0
981,36,1,$2435.65,9,2025/06/23,$282.15,0,27.9,3,1,0
982,45,1,63.64,10,2025/02/17,306.92,0,34.2,2,0,
983,36,0,"""2442.90""",9,26-08-2025,747.54,0,16.4,0,0,1
984,60,0,2219.53,10,13-09-2025,1211.99,1,2.2,4,1,1
985,26,0,1525.10,3,2025-06-01,1493.28,2,35.5,2,0,1
986,66,0,501.00,6,2025-01-02,"1,729,92",0,37.8,-1,5,0
987,24,0,901.13,1,2025/04/25,"""1420.03""",2,33.1,4,0,1
988,66,1,1187.76,0,02/04/2025,  15.70  ,2,31.6,1,1,0
989,56,1,1687.63,7,08/09/2025,1560.39,1,34.6,2,0,1
990,58,0,2214.57,2,2025/02/10,-192.51,0,14.5,3,0,1
991,49,1,813.22,7,2025-12-14,264.88,1,32.1,4,1,1
992,19,1,1127.37,10,28-10-2025,38.61,2,10.4,1,1,0
993,67,N/A,2352.90,6,03-09-2025,  1616.79  ,0,2.8,4,0,1
994,39,0,1506.75,8,12/14/2025,1666.10,2,14.6,1,0,1
995,48,0,2205.24,1,2025-08-24,364.32,-1,11.8,0,3,1
996,59,1,68.37,10,24-04-2025,"""2084.43""",1,35.2,3,0,0
997,26,0,82.94,1,2025/02/13,-2234.46,1,2.1,0,1,1
998,21,0,142.39,2,03/11/2025,1520.03,,1.9,0,1,1
999,45,,"""2349.91""",2,21-08-2025,1122.94,1,2.2,3,0,1
1000,57,0,1435.70,2,12-08-2025,356.28,2,24.7,2,0,1
1001,20,1,1265.20,4,2025-03-06,1235.75,0,23.4,99,1,0
1002,37,0,68.86,8,2025-04-08,-35.76,1,32.3,3,5,
1003,62,0,215.49,0,2025-12-19,2186.61,5,9.0,0,0,1
1004,28,1,"""2484.61""",10,2025/08/12,2170.94,2,29.8,4,1,1
1005,63,1,988.56,2,22-08-2025,2222.72,2,15.4,1,0,0
1006,65,0,"""51.83""",2,2025/08/22,$1711.69,0,37.5,1,1,0
1007,59,1,2263.46,7,2025/07/28,1441.12,1,15.3,3,0,1
1008,48,0,$96.40,5,14-06-2025,1744.44,2,40.8,0,0,1
1009,63,1,2344.55,3,05/05/2025,"133,20",0,1.1,2,0,1
1010,32,N/A,520.99,2,21-09-2025,"797,16",0,16.5,1,1,1
1011,36,0,$2239.76,5,2025/11/07,$846.15,0,1.5,1,1,0
1012,24,1,  93.49  ,8,2025/02/26,2450.37,2,25.3,3,0,0
1013,19,1,1554.04,7,2025-12-01,1213.92,2,15.8,5,1,1
1014,47,0,  1956.12  ,3,21-03-2025,1037.77,2,37.8,2,0,0
1015,54,10,  120.26  ,5,2025/01/09,2355.40,0,19.2,3,1,1
1016,46,No,  698.74  ,5,10-11-2025,2298.62,2,9.4,0,99,0
1017,41,0,1437.47,6,22-06-2025,1495.30,0,12.7,2,1,0
1018,23,1,472.86,7,2025-03-21,  1236.40  ,3,38.3,4,1,1
1019,44,0,100.34,7,2025-09-12,172.82,2,4.9,4,1,1
1020,19,0,1789.65,5,21-02-2025,"""1245.93""",2,24.5,4,1,0
1021,38,0,893.15,2,14-10-2025,1550.15,2,20.3,3,N/A,0
1022,69,0,2359.56,1,2025-12-19,1281.25,1,39.9,2,1,1
1023,49,0,1547.53,10,02/07/2025,1035.62,0,29.2,3,1,1
1024,47,0,1514.67,1,2025-03-31,1118.19,2,11.0,2,3,0
1025,35,0,1042.03,4,2025/11/03,1530.39,2,39.5,4,1,0
1026,63,1,1191.44,8,15-10-2025,786.56,0,2.2,0,1,0
1027,38,0,12.16,3,19-01-2025,2445.89,1,23.6,4,1,1
1028,18,N/A,1102.79,7,2025/08/06,"2,197,08",1,15.7,0,1,1
1029,56,1,  1938.67  ,0,2025-07-20,-2357.76,2,0.6,4,Masculino,0
1030,32,0,1370.13,7,22-10-2025,$1532.04,0,14.8,4,0,1
1031,0,1,377.25,7,2025/03/07,1860.77,2,7.0,1,0,1
1032,48,0,443.54,8,2025-03-24,1218.35,3,14.4,,0,0
1033,40,0,2314.48,8,2025/03/16,$876.25,1,36.5,0,1,0
1034,41,0,1758.48,2,27-08-2025,  533.43  ,5,40.5,0,1,1
1035,39,1,890.15,8,2025/08/01,1884.62,1,24.6,2,0,1
1036,34,0,432.50,1,2025-09-03,333.59,2,14.3,1,0,1
1037,56,0,$1429.04,1,2025/07/10,$584.61,2,39.9,1,1,1
1038,18,0,-1797.26,9,02/19/2025,$2207.83,0,13.8,2,1,0
1039,70,1,1414.20,1,2025/03/05,1531.15,-1,28.5,4,1,1
1040,55,0,"2,353,54",4,21-12-2025,460.97,2,3.3,0,0,1
1041,46,0,2431.01,2,2025/05/08,$1850.82,2,32.1,0,3,1
1042,31,0,1197.95,2,12/18/2025,1968.30,1,26.0,5,0,0
1043,45,0,337.37,6,2025/01/14,2475.67,0,24.3,4,1,1
1044,56,1,$239.03,0,2025-11-02,"1,944,49",2,10.8,1,5,1
1045,47,1,1750.52,6,2025-08-04,"""538.97""",2,43.2,3,1,0
1046,40,1,836.63,5,06-11-2025,625.13,1,31.4,2,0,1
1047,39,0,$574.47,8,2025/05/15,470.27,1,22.4,4,1,0
1048,23,1,$987.50,9,11/01/2025,2276.57,10,39.9,99,0,1
1049,46,0,1725.28,8,2025/03/16,1455.21,1,8.6,0,0,1
1050,23,1,$2166.29,8,03/07/2025,80.56,1,11.4,2,0,1
1051,50,N/A,1131.77,4,2025/03/12,  2029.54  ,0,28.2,4,0,0
1052,35,0,$2356.88,4,10-06-2025,975.93,2,4.2,3,Si,1
1053,62,Femenino,1781.62,4,16-06-2025,819.41,10,44.0,0,1,1
1054,64,0,1532.66,8,01-04-2025,881.04,2,39.7,3,0,0
1055,38,1,784.82,4,2025/06/16,657.55,2,26.2,5,1,0
1056,65,1,"584,96",6,19-06-2025,587.84,2,12.7,1,1,1
1057,35,1,298.72,7,16-10-2025,106.77,1,11.6,1,0,1
1058,12,Sí,2464.60,8,28-04-2025,2390.10,0,36.6,3,1,3
1059,26,0,536.27,1,09/22/2025,"""566.78""",1,25.4,2,0,0
1060,19,1,2127.22,1,06/08/2025,164.01,0,6.9,3,0,1
1061,61,0,880.57,5,2025-03-03,"""2188.04""",10,24.1,2,1,0
1062,68,0,682.22,3,2025/03/13,2197.07,1,19.1,0,0,0
1063,29,0,-2453.59,4,19-06-2025,523.63,1,15.6,3,0,1
1064,29,-1,2448.75,1,2025-03-15,2205.63,0,28.5,4,0,1
1065,65,1,1149.24,7,28-05-2025,1904.60,1,26.2,2,1,0
1066,39,0,1555.56,9,2025-07-11,$622.53,2,23.6,3,1,1
1067,28,1,867.34,4,2025/02/20,$154.00,0,19.2,3,0,0
1068,69,0,1730.42,1,12/07/2025,  1375.38  ,1,41.9,0,0,1
1069,49,1,283.71,6,10/25/2025,2079.31,2,7.3,3,1,1
1070,68,1,"517,55",4,09/20/2025,2472.17,0,37.3,1,0,0
1071,57,1,1039.42,4,04/26/2025,1031.50,1,33.6,3,0,
1072,46,1,2023.66,1,2025-03-09,1033.21,1,17.8,0,Femenino,0
1073,23,0,-220.57,0,2025-09-19,1446.29,0,12.8,0,1,1
1074,63,0,818.22,3,21-02-2025,$230.03,0,43.4,3,0,1
1075,55,0,9.75,7,17-11-2025,346.26,1,15.8,1,0,1
1076,48,1,1968.00,1,05/19/2025,"406,63",-1,5.6,3,1,
1077,68,0,565.31,10,2025/04/17,1859.56,0,17.0,2,1,99
1078,29,0,1673.68,10,05/24/2025,750.93,1,3.2,3,0,0
1079,31,1,"740,45",2,2025-07-08,592.80,0,44.5,2,1,1
1080,41,0,922.43,0,10/26/2025,  2196.80  ,2,40.4,1,1,1
1081,65,1,1833.62,1,2025/02/24,539.84,3,22.4,4,3,0
1082,65,1,896.90,3,31-10-2025,-28.50,0,16.8,2,1,1
1083,18,1,129.64,5,05/09/2025,"2,169,30",1,18.0,2,1,0
1084,64,1,$116.80,1,08/06/2025,942.20,1,16.9,0,1,Si
1085,34,0,1394.71,6,01-09-2025,1957.94,2,8.6,4,1,0
1086,60,Si,1623.33,5,10/18/2025,2402.41,2,15.3,3,0,1
1087,68,1,1931.01,9,11/06/2025,2109.05,1,27.0,2,1,0
1088,200,0,1104.23,2,2025/08/18,81.99,0,4.8,0,1,0
1089,12,10,  2492.00  ,6,2025/10/21,"947,84",1,9.1,3,0,1
1090,67,0,176.74,4,25-01-2025,"""422.55""",0,19.7,4,0,0
1091,48,0,2002.80,0,20-03-2025,1124.23,0,24.8,4,1,0
1092,67,0,  1275.68  ,8,02-05-2025,1011.44,2,8.0,4,1,0
1093,39,0,875.34,9,2025/10/20,2316.87,0,1.1,4,0,1
1094,32,Sí,541.96,3,2025/10/12,2323.10,0,22.2,3,0,0
1095,57,0,264.77,3,03/18/2025,-1538.66,99,31.8,3,1,0
1096,70,1,$2424.09,9,2025/06/21,1973.96,2,40.4,0,1,1
1097,41,0,1181.45,4,12/09/2025,-1922.39,0,34.9,1,1,
1098,12,1,148.31,10,2025/07/25,657.22,2,4.8,4,Si,1
1099,52,1,1801.41,6,2025-09-11,661.85,0,27.1,2,0,1
1100,31,Masculino,916.34,10,09-08-2025,2222.32,0,37.1,3,1,1
101,66,1,850.42,7,2025/06/20,$1529.52,1,41.5,2,1,1
102,25,1,277.23,1,01/22/2025,"932,61",0,11.6,4,0,0
103,37,1,1715.42,7,12/14/2025,583.87,5,30.3,1,1,1
104,41,1,2024.82,6,05/26/2025,1190.92,1,43.4,3,1,No
105,65,1,-678.31,5,12-01-2025,$1353.01,1,11.8,3,0,1
559,60,0,909.38,10,2025/10/27,"1,865,31",3,19.6,0,1,0
402,18,1,61.56,8,20-07-2025,2327.43,10,8.9,2,1,1
198,29,1,126.37,4,2025/09/23,"""1572.15""",0,4.1,4,0,1
